id,Outcome1
0,Fatal
1,Fatal
2,Not Resolved
3,Resolved
4,Resolved
5,Fatal
6,Fatal
7,Resolved
8,Resolved
9,Fatal
10,Not Resolved
11,Resolved
12,Resolved
13,Resolved
14,Resolved
15,Resolved
16,Resolved
17,Fatal
18,Not Resolved
19,Fatal
20,Resolved
21,Resolved
22,Resolved
23,Fatal
24,Resolved
25,Not Resolved
26,Fatal
27,Resolved
28,Not Resolved
29,Not Resolved
30,Fatal
31,Not Resolved
32,Resolved
33,Not Resolved
34,Fatal
35,Fatal
36,Fatal
37,Fatal
38,Fatal
39,Resolved
40,Resolved
41,Not Resolved
42,Fatal
43,Resolved
44,Not Resolved
45,Fatal
46,Not Resolved
47,Resolved
48,Not Resolved
49,Fatal
50,Fatal
51,Not Resolved
52,Resolved
53,Fatal
54,Fatal
55,Fatal
56,Not Resolved
57,Resolved
58,Fatal
59,Fatal
60,Fatal
61,Resolved
62,Resolved
63,Resolved
64,Resolved
65,Resolved
66,Not Resolved
67,Fatal
68,Resolved
69,Not Resolved
70,Not Resolved
71,Resolved
72,Fatal
73,Resolved
74,Resolved
75,Resolved
76,Fatal
77,Resolved
78,Fatal
79,Resolved
80,Resolved
81,Resolved
82,Fatal
83,Fatal
84,Resolved
85,Not Resolved
86,Fatal
87,Fatal
88,Fatal
89,Not Resolved
90,Resolved
91,Fatal
92,Not Resolved
93,Resolved
94,Fatal
95,Resolved
96,Fatal
97,Resolved
98,Fatal
99,Not Resolved
100,Resolved
101,Resolved
102,Fatal
103,Resolved
104,Resolved
105,Fatal
106,Fatal
107,Fatal
108,Not Resolved
109,Fatal
110,Resolved
111,Resolved
112,Resolved
113,Resolved
114,Resolved
115,Resolved
116,Resolved
117,Resolved
118,Fatal
119,Fatal
120,Fatal
121,Fatal
122,Resolved
123,Fatal
124,Fatal
125,Not Resolved
126,Resolved
127,Resolved
128,Not Resolved
129,Resolved
130,Fatal
131,Resolved
132,Fatal
133,Not Resolved
134,Resolved
135,Not Resolved
136,Fatal
137,Resolved
138,Not Resolved
139,Fatal
140,Resolved
141,Resolved
142,Not Resolved
143,Resolved
144,Resolved
145,Fatal
146,Not Resolved
147,Not Resolved
148,Fatal
149,Fatal
150,Fatal
151,Fatal
152,Resolved
153,Not Resolved
154,Fatal
155,Fatal
156,Resolved
157,Fatal
158,Resolved
159,Fatal
160,Fatal
161,Fatal
162,Fatal
163,Resolved
164,Fatal
165,Not Resolved
166,Fatal
167,Fatal
168,Not Resolved
169,Fatal
170,Fatal
171,Fatal
172,Fatal
173,Fatal
174,Resolved
175,Not Resolved
176,Resolved
177,Not Resolved
178,Resolved
179,Resolved
180,Fatal
181,Resolved
182,Resolved
183,Resolved
184,Not Resolved
185,Resolved
186,Resolved
187,Fatal
188,Fatal
189,Resolved
190,Resolved
191,Not Resolved
192,Resolved
193,Resolved
194,Fatal
195,Resolved
196,Resolved
197,Resolved
198,Not Resolved
199,Fatal
200,Not Resolved
201,Resolved
202,Fatal
203,Fatal
204,Resolved
205,Not Resolved
206,Not Resolved
207,Resolved
208,Not Resolved
209,Fatal
210,Not Resolved
211,Not Resolved
212,Resolved
213,Not Resolved
214,Not Resolved
215,Not Resolved
216,Fatal
217,Not Resolved
218,Fatal
219,Fatal
220,Fatal
221,Fatal
222,Fatal
223,Fatal
224,Fatal
225,Fatal
226,Not Resolved
227,Resolved
228,Resolved
229,Not Resolved
230,Fatal
231,Fatal
232,Fatal
233,Resolved
234,Fatal
235,Fatal
236,Fatal
237,Resolved
238,Fatal
239,Fatal
240,Resolved
241,Resolved
242,Fatal
243,Fatal
244,Fatal
245,Resolved
246,Fatal
247,Not Resolved
248,Resolved
249,Fatal
250,Resolved
251,Fatal
252,Resolved
253,Not Resolved
254,Resolved
255,Resolved
256,Fatal
257,Fatal
258,Resolved
259,Fatal
260,Resolved
261,Resolved
262,Fatal
263,Resolved
264,Resolved
265,Resolved
266,Fatal
267,Resolved
268,Fatal
269,Not Resolved
270,Fatal
271,Resolved
272,Fatal
273,Resolved
274,Resolved
275,Not Resolved
276,Fatal
277,Not Resolved
278,Not Resolved
279,Fatal
280,Fatal
281,Not Resolved
282,Resolved
283,Not Resolved
284,Not Resolved
285,Not Resolved
286,Resolved
287,Not Resolved
288,Resolved
289,Fatal
290,Resolved
291,Resolved
292,Not Resolved
293,Fatal
294,Resolved
295,Resolved
296,Resolved
297,Not Resolved
298,Not Resolved
299,Resolved
300,Fatal
301,Not Resolved
302,Fatal
303,Resolved
304,Resolved
305,Resolved
306,Not Resolved
307,Not Resolved
308,Fatal
309,Not Resolved
310,Fatal
311,Fatal
312,Fatal
313,Fatal
314,Not Resolved
315,Not Resolved
316,Resolved
317,Fatal
318,Fatal
319,Resolved
320,Resolved
321,Not Resolved
322,Fatal
323,Resolved
324,Not Resolved
325,Resolved
326,Fatal
327,Fatal
328,Fatal
329,Fatal
330,Fatal
331,Resolved
332,Not Resolved
333,Fatal
334,Resolved
335,Fatal
336,Fatal
337,Resolved
338,Not Resolved
339,Fatal
340,Fatal
341,Resolved
342,Resolved
343,Resolved
344,Fatal
345,Fatal
346,Resolved
347,Resolved
348,Fatal
349,Not Resolved
350,Fatal
351,Resolved
352,Resolved
353,Resolved
354,Not Resolved
355,Not Resolved
356,Fatal
357,Not Resolved
358,Fatal
359,Resolved
360,Resolved
361,Resolved
362,Resolved
363,Not Resolved
364,Resolved
365,Fatal
366,Not Resolved
367,Resolved
368,Resolved
369,Resolved
370,Resolved
371,Resolved
372,Not Resolved
373,Fatal
374,Resolved
375,Not Resolved
376,Resolved
377,Fatal
378,Not Resolved
379,Not Resolved
380,Resolved
381,Resolved
382,Resolved
383,Fatal
384,Fatal
385,Resolved
386,Not Resolved
387,Fatal
388,Resolved
389,Resolved
390,Resolved
391,Not Resolved
392,Resolved
393,Not Resolved
394,Fatal
395,Fatal
396,Resolved
397,Not Resolved
398,Not Resolved
399,Resolved
400,Fatal
401,Not Resolved
402,Resolved
403,Fatal
404,Not Resolved
405,Resolved
406,Resolved
407,Fatal
408,Fatal
409,Not Resolved
410,Not Resolved
411,Fatal
412,Not Resolved
413,Not Resolved
414,Resolved
415,Fatal
416,Resolved
417,Not Resolved
418,Fatal
419,Fatal
420,Resolved
421,Resolved
422,Not Resolved
423,Fatal
424,Resolved
425,Resolved
426,Resolved
427,Fatal
428,Fatal
429,Fatal
430,Resolved
431,Fatal
432,Resolved
433,Resolved
434,Fatal
435,Resolved
436,Fatal
437,Resolved
438,Resolved
439,Not Resolved
440,Fatal
441,Fatal
442,Resolved
443,Fatal
444,Fatal
445,Not Resolved
446,Fatal
447,Not Resolved
448,Not Resolved
449,Fatal
450,Fatal
451,Resolved
452,Not Resolved
453,Fatal
454,Not Resolved
455,Fatal
456,Fatal
457,Fatal
458,Not Resolved
459,Fatal
460,Fatal
461,Resolved
462,Resolved
463,Resolved
464,Fatal
465,Resolved
466,Not Resolved
467,Fatal
468,Resolved
469,Resolved
470,Resolved
471,Fatal
472,Fatal
473,Resolved
474,Not Resolved
475,Not Resolved
476,Fatal
477,Not Resolved
478,Fatal
479,Fatal
480,Resolved
481,Resolved
482,Not Resolved
483,Fatal
484,Resolved
485,Not Resolved
486,Resolved
487,Resolved
488,Not Resolved
489,Fatal
490,Resolved
491,Fatal
492,Resolved
493,Fatal
494,Resolved
495,Fatal
496,Resolved
497,Resolved
498,Fatal
499,Resolved
500,Resolved
501,Resolved
502,Fatal
503,Not Resolved
504,Fatal
505,Fatal
506,Fatal
507,Fatal
508,Resolved
509,Resolved
510,Resolved
511,Not Resolved
512,Fatal
513,Resolved
514,Resolved
515,Fatal
516,Fatal
517,Resolved
518,Fatal
519,Fatal
520,Resolved
521,Resolved
522,Resolved
523,Fatal
524,Not Resolved
525,Resolved
526,Not Resolved
527,Fatal
528,Fatal
529,Fatal
530,Resolved
531,Fatal
532,Resolved
533,Not Resolved
534,Not Resolved
535,Fatal
536,Fatal
537,Fatal
538,Resolved
539,Not Resolved
540,Fatal
541,Not Resolved
542,Fatal
543,Fatal
544,Fatal
545,Fatal
546,Fatal
547,Resolved
548,Fatal
549,Resolved
550,Resolved
551,Resolved
552,Resolved
553,Fatal
554,Fatal
555,Resolved
556,Resolved
557,Resolved
558,Resolved
559,Resolved
560,Resolved
561,Resolved
562,Not Resolved
563,Not Resolved
564,Resolved
565,Not Resolved
566,Fatal
567,Fatal
568,Not Resolved
569,Fatal
570,Not Resolved
571,Fatal
572,Fatal
573,Resolved
574,Fatal
575,Fatal
576,Fatal
577,Not Resolved
578,Fatal
579,Resolved
580,Not Resolved
581,Resolved
582,Fatal
583,Not Resolved
584,Not Resolved
585,Fatal
586,Resolved
587,Not Resolved
588,Not Resolved
589,Fatal
590,Resolved
591,Resolved
592,Resolved
593,Resolved
594,Resolved
595,Resolved
596,Fatal
597,Fatal
598,Not Resolved
599,Fatal
600,Fatal
601,Resolved
602,Fatal
603,Fatal
604,Fatal
605,Fatal
606,Fatal
607,Resolved
608,Fatal
609,Resolved
610,Resolved
611,Not Resolved
612,Resolved
613,Not Resolved
614,Resolved
615,Resolved
616,Resolved
617,Resolved
618,Fatal
619,Resolved
620,Not Resolved
621,Fatal
622,Fatal
623,Fatal
624,Resolved
625,Fatal
626,Resolved
627,Resolved
628,Fatal
629,Fatal
630,Not Resolved
631,Resolved
632,Fatal
633,Resolved
634,Resolved
635,Resolved
636,Not Resolved
637,Not Resolved
638,Resolved
639,Not Resolved
640,Not Resolved
641,Fatal
642,Resolved
643,Fatal
644,Fatal
645,Fatal
646,Fatal
647,Fatal
648,Resolved
649,Resolved
650,Fatal
651,Fatal
652,Resolved
653,Resolved
654,Fatal
655,Resolved
656,Not Resolved
657,Resolved
658,Fatal
659,Resolved
660,Fatal
661,Fatal
662,Not Resolved
663,Resolved
664,Resolved
665,Resolved
666,Resolved
667,Fatal
668,Not Resolved
669,Resolved
670,Resolved
671,Resolved
672,Resolved
673,Resolved
674,Resolved
675,Resolved
676,Not Resolved
677,Resolved
678,Resolved
679,Resolved
680,Resolved
681,Fatal
682,Not Resolved
683,Resolved
684,Fatal
685,Fatal
686,Not Resolved
687,Resolved
688,Fatal
689,Resolved
690,Resolved
691,Resolved
692,Fatal
693,Not Resolved
694,Resolved
695,Fatal
696,Resolved
697,Fatal
698,Resolved
699,Resolved
700,Fatal
701,Resolved
702,Resolved
703,Resolved
704,Resolved
705,Resolved
706,Resolved
707,Not Resolved
708,Not Resolved
709,Resolved
710,Fatal
711,Fatal
712,Fatal
713,Resolved
714,Resolved
715,Not Resolved
716,Fatal
717,Not Resolved
718,Resolved
719,Fatal
720,Resolved
721,Not Resolved
722,Resolved
723,Fatal
724,Fatal
725,Resolved
726,Resolved
727,Not Resolved
728,Fatal
729,Fatal
730,Fatal
731,Resolved
732,Fatal
733,Resolved
734,Fatal
735,Resolved
736,Resolved
737,Fatal
738,Resolved
739,Fatal
740,Not Resolved
741,Not Resolved
742,Not Resolved
743,Fatal
744,Resolved
745,Resolved
746,Resolved
747,Not Resolved
748,Not Resolved
749,Not Resolved
750,Resolved
751,Fatal
752,Resolved
753,Fatal
754,Resolved
755,Fatal
756,Fatal
757,Resolved
758,Resolved
759,Fatal
760,Resolved
761,Resolved
762,Fatal
763,Resolved
764,Fatal
765,Fatal
766,Resolved
767,Resolved
768,Fatal
769,Resolved
770,Resolved
771,Fatal
772,Not Resolved
773,Fatal
774,Fatal
775,Resolved
776,Not Resolved
777,Not Resolved
778,Fatal
779,Resolved
780,Resolved
781,Fatal
782,Resolved
783,Not Resolved
784,Resolved
785,Resolved
786,Fatal
787,Not Resolved
788,Fatal
789,Not Resolved
790,Resolved
791,Resolved
792,Fatal
793,Resolved
794,Resolved
795,Fatal
796,Fatal
797,Fatal
798,Fatal
799,Resolved
800,Fatal
801,Not Resolved
802,Fatal
803,Fatal
804,Fatal
805,Fatal
806,Fatal
807,Fatal
808,Fatal
809,Fatal
810,Resolved
811,Fatal
812,Not Resolved
813,Resolved
814,Not Resolved
815,Resolved
816,Fatal
817,Resolved
818,Fatal
819,Not Resolved
820,Resolved
821,Fatal
822,Fatal
823,Resolved
824,Not Resolved
825,Fatal
826,Resolved
827,Resolved
828,Not Resolved
829,Fatal
830,Fatal
831,Not Resolved
832,Not Resolved
833,Resolved
834,Fatal
835,Fatal
836,Resolved
837,Not Resolved
838,Not Resolved
839,Resolved
840,Resolved
841,Not Resolved
842,Fatal
843,Not Resolved
844,Not Resolved
845,Not Resolved
846,Fatal
847,Not Resolved
848,Resolved
849,Fatal
850,Not Resolved
851,Resolved
852,Resolved
853,Fatal
854,Fatal
855,Fatal
856,Not Resolved
857,Fatal
858,Resolved
859,Fatal
860,Resolved
861,Resolved
862,Resolved
863,Resolved
864,Resolved
865,Fatal
866,Fatal
867,Not Resolved
868,Fatal
869,Resolved
870,Fatal
871,Resolved
872,Not Resolved
873,Resolved
874,Resolved
875,Fatal
876,Resolved
877,Resolved
878,Resolved
879,Fatal
880,Fatal
881,Resolved
882,Not Resolved
883,Fatal
884,Resolved
885,Resolved
886,Not Resolved
887,Fatal
888,Resolved
889,Resolved
890,Resolved
891,Fatal
892,Not Resolved
893,Resolved
894,Fatal
895,Resolved
896,Not Resolved
897,Resolved
898,Resolved
899,Fatal
900,Fatal
901,Fatal
902,Fatal
903,Fatal
904,Fatal
905,Fatal
906,Resolved
907,Fatal
908,Resolved
909,Not Resolved
910,Resolved
911,Fatal
912,Fatal
913,Fatal
914,Resolved
915,Fatal
916,Resolved
917,Resolved
918,Fatal
919,Fatal
920,Resolved
921,Resolved
922,Fatal
923,Fatal
924,Resolved
925,Fatal
926,Fatal
927,Fatal
928,Resolved
929,Fatal
930,Not Resolved
931,Fatal
932,Resolved
933,Not Resolved
934,Not Resolved
935,Resolved
936,Fatal
937,Resolved
938,Resolved
939,Resolved
940,Resolved
941,Not Resolved
942,Fatal
943,Fatal
944,Fatal
945,Resolved
946,Not Resolved
947,Fatal
948,Not Resolved
949,Fatal
950,Resolved
951,Resolved
952,Fatal
953,Fatal
954,Resolved
955,Resolved
956,Resolved
957,Resolved
958,Fatal
959,Resolved
960,Fatal
961,Resolved
962,Not Resolved
963,Resolved
964,Not Resolved
965,Resolved
966,Resolved
967,Not Resolved
968,Resolved
969,Resolved
970,Resolved
971,Resolved
972,Resolved
973,Fatal
974,Fatal
975,Not Resolved
976,Not Resolved
977,Not Resolved
978,Resolved
979,Fatal
980,Resolved
981,Not Resolved
982,Resolved
983,Resolved
984,Fatal
985,Resolved
986,Resolved
987,Fatal
988,Resolved
989,Not Resolved
990,Resolved
991,Fatal
992,Resolved
993,Fatal
994,Resolved
995,Resolved
996,Resolved
997,Fatal
998,Resolved
999,Fatal
1000,Resolved
1001,Fatal
1002,Fatal
1003,Resolved
1004,Fatal
1005,Fatal
1006,Fatal
1007,Resolved
1008,Fatal
1009,Resolved
1010,Resolved
1011,Resolved
1012,Resolved
1013,Fatal
1014,Fatal
1015,Resolved
1016,Resolved
1017,Resolved
1018,Fatal
1019,Resolved
1020,Resolved
1021,Fatal
1022,Not Resolved
1023,Not Resolved
1024,Fatal
1025,Fatal
1026,Not Resolved
1027,Resolved
1028,Fatal
1029,Fatal
1030,Fatal
1031,Fatal
1032,Resolved
1033,Resolved
1034,Resolved
1035,Not Resolved
1036,Fatal
1037,Resolved
1038,Not Resolved
1039,Resolved
1040,Fatal
1041,Fatal
1042,Not Resolved
1043,Fatal
1044,Resolved
1045,Resolved
1046,Not Resolved
1047,Not Resolved
1048,Resolved
1049,Resolved
1050,Resolved
1051,Not Resolved
1052,Not Resolved
1053,Fatal
1054,Fatal
1055,Fatal
1056,Not Resolved
1057,Not Resolved
1058,Fatal
1059,Fatal
1060,Fatal
1061,Fatal
1062,Fatal
1063,Not Resolved
1064,Fatal
1065,Fatal
1066,Resolved
1067,Fatal
1068,Fatal
1069,Fatal
1070,Not Resolved
1071,Fatal
1072,Fatal
1073,Not Resolved
1074,Fatal
1075,Not Resolved
1076,Fatal
1077,Fatal
1078,Fatal
1079,Resolved
1080,Resolved
1081,Resolved
1082,Not Resolved
1083,Fatal
1084,Resolved
1085,Not Resolved
1086,Resolved
1087,Not Resolved
1088,Not Resolved
1089,Fatal
1090,Fatal
1091,Resolved
1092,Fatal
1093,Resolved
1094,Resolved
1095,Resolved
1096,Not Resolved
1097,Fatal
1098,Fatal
1099,Fatal
1100,Resolved
1101,Resolved
1102,Resolved
1103,Fatal
1104,Fatal
1105,Not Resolved
1106,Resolved
1107,Resolved
1108,Resolved
1109,Resolved
1110,Resolved
1111,Fatal
1112,Resolved
1113,Resolved
1114,Not Resolved
1115,Not Resolved
1116,Not Resolved
1117,Fatal
1118,Not Resolved
1119,Resolved
1120,Fatal
1121,Not Resolved
1122,Resolved
1123,Resolved
1124,Resolved
1125,Resolved
1126,Not Resolved
1127,Not Resolved
1128,Resolved
1129,Fatal
1130,Resolved
1131,Not Resolved
1132,Not Resolved
1133,Fatal
1134,Resolved
1135,Not Resolved
1136,Resolved
1137,Not Resolved
1138,Resolved
1139,Fatal
1140,Resolved
1141,Resolved
1142,Fatal
1143,Not Resolved
1144,Resolved
1145,Not Resolved
1146,Fatal
1147,Not Resolved
1148,Fatal
1149,Fatal
1150,Resolved
1151,Fatal
1152,Fatal
1153,Resolved
1154,Fatal
1155,Resolved
1156,Not Resolved
1157,Resolved
1158,Fatal
1159,Resolved
1160,Fatal
1161,Fatal
1162,Fatal
1163,Fatal
1164,Fatal
1165,Fatal
1166,Fatal
1167,Not Resolved
1168,Fatal
1169,Resolved
1170,Resolved
1171,Not Resolved
1172,Resolved
1173,Not Resolved
1174,Not Resolved
1175,Resolved
1176,Fatal
1177,Resolved
1178,Fatal
1179,Resolved
1180,Fatal
1181,Resolved
1182,Fatal
1183,Not Resolved
1184,Fatal
1185,Not Resolved
1186,Resolved
1187,Fatal
1188,Fatal
1189,Not Resolved
1190,Resolved
1191,Not Resolved
1192,Resolved
1193,Not Resolved
1194,Resolved
1195,Resolved
1196,Not Resolved
1197,Resolved
1198,Fatal
1199,Not Resolved
1200,Fatal
1201,Not Resolved
1202,Resolved
1203,Resolved
1204,Fatal
1205,Resolved
1206,Fatal
1207,Resolved
1208,Not Resolved
1209,Not Resolved
1210,Resolved
1211,Resolved
1212,Not Resolved
1213,Resolved
1214,Resolved
1215,Resolved
1216,Not Resolved
1217,Resolved
1218,Fatal
1219,Resolved
1220,Resolved
1221,Not Resolved
1222,Resolved
1223,Not Resolved
1224,Fatal
1225,Fatal
1226,Fatal
1227,Fatal
1228,Resolved
1229,Fatal
1230,Fatal
1231,Fatal
1232,Fatal
1233,Not Resolved
1234,Not Resolved
1235,Fatal
1236,Fatal
1237,Fatal
1238,Fatal
1239,Resolved
1240,Fatal
1241,Resolved
1242,Resolved
1243,Fatal
1244,Resolved
1245,Not Resolved
1246,Resolved
1247,Fatal
1248,Not Resolved
1249,Resolved
1250,Fatal
1251,Not Resolved
1252,Resolved
1253,Fatal
1254,Not Resolved
1255,Not Resolved
1256,Fatal
1257,Not Resolved
1258,Resolved
1259,Resolved
1260,Resolved
1261,Resolved
1262,Fatal
1263,Resolved
1264,Fatal
1265,Resolved
1266,Fatal
1267,Resolved
1268,Not Resolved
1269,Fatal
1270,Resolved
1271,Resolved
1272,Resolved
1273,Resolved
1274,Resolved
1275,Fatal
1276,Resolved
1277,Not Resolved
1278,Not Resolved
1279,Fatal
1280,Not Resolved
1281,Fatal
1282,Resolved
1283,Resolved
1284,Fatal
1285,Fatal
1286,Not Resolved
1287,Resolved
1288,Resolved
1289,Fatal
1290,Fatal
1291,Resolved
1292,Not Resolved
1293,Resolved
1294,Resolved
1295,Fatal
1296,Resolved
1297,Resolved
1298,Resolved
1299,Not Resolved
1300,Fatal
1301,Fatal
1302,Resolved
1303,Not Resolved
1304,Fatal
1305,Fatal
1306,Not Resolved
1307,Resolved
1308,Resolved
1309,Not Resolved
1310,Resolved
1311,Fatal
1312,Fatal
1313,Fatal
1314,Resolved
1315,Resolved
1316,Fatal
1317,Not Resolved
1318,Resolved
1319,Resolved
1320,Fatal
1321,Fatal
1322,Resolved
1323,Fatal
1324,Resolved
1325,Not Resolved
1326,Not Resolved
1327,Resolved
1328,Fatal
1329,Fatal
1330,Fatal
1331,Resolved
1332,Resolved
1333,Fatal
1334,Not Resolved
1335,Resolved
1336,Fatal
1337,Not Resolved
1338,Fatal
1339,Resolved
1340,Fatal
1341,Not Resolved
1342,Resolved
1343,Not Resolved
1344,Not Resolved
1345,Resolved
1346,Fatal
1347,Fatal
1348,Fatal
1349,Fatal
1350,Fatal
1351,Resolved
1352,Fatal
1353,Fatal
1354,Not Resolved
1355,Not Resolved
1356,Not Resolved
1357,Fatal
1358,Fatal
1359,Not Resolved
1360,Fatal
1361,Fatal
1362,Not Resolved
1363,Fatal
1364,Not Resolved
1365,Fatal
1366,Not Resolved
1367,Resolved
1368,Fatal
1369,Fatal
1370,Not Resolved
1371,Fatal
1372,Not Resolved
1373,Fatal
1374,Resolved
1375,Not Resolved
1376,Resolved
1377,Fatal
1378,Fatal
1379,Resolved
1380,Fatal
1381,Fatal
1382,Not Resolved
1383,Resolved
1384,Fatal
1385,Resolved
1386,Resolved
1387,Not Resolved
1388,Not Resolved
1389,Fatal
1390,Fatal
1391,Fatal
1392,Fatal
1393,Resolved
1394,Fatal
1395,Resolved
1396,Fatal
1397,Resolved
1398,Not Resolved
1399,Resolved
1400,Resolved
1401,Fatal
1402,Not Resolved
1403,Fatal
1404,Resolved
1405,Not Resolved
1406,Not Resolved
1407,Resolved
1408,Resolved
1409,Resolved
1410,Fatal
1411,Resolved
1412,Not Resolved
1413,Resolved
1414,Fatal
1415,Resolved
1416,Not Resolved
1417,Resolved
1418,Fatal
1419,Resolved
1420,Not Resolved
1421,Fatal
1422,Resolved
1423,Fatal
1424,Resolved
1425,Fatal
1426,Resolved
1427,Fatal
1428,Fatal
1429,Not Resolved
1430,Resolved
1431,Fatal
1432,Resolved
1433,Not Resolved
1434,Resolved
1435,Fatal
1436,Fatal
1437,Not Resolved
1438,Fatal
1439,Fatal
1440,Resolved
1441,Resolved
1442,Resolved
1443,Resolved
1444,Resolved
1445,Not Resolved
1446,Not Resolved
1447,Resolved
1448,Fatal
1449,Fatal
1450,Resolved
1451,Fatal
1452,Not Resolved
1453,Not Resolved
1454,Not Resolved
1455,Resolved
1456,Not Resolved
1457,Resolved
1458,Resolved
1459,Fatal
1460,Fatal
1461,Fatal
1462,Fatal
1463,Resolved
1464,Resolved
1465,Resolved
1466,Fatal
1467,Resolved
1468,Fatal
1469,Resolved
1470,Resolved
1471,Resolved
1472,Resolved
1473,Fatal
1474,Resolved
1475,Resolved
1476,Resolved
1477,Resolved
1478,Fatal
1479,Resolved
1480,Resolved
1481,Fatal
1482,Fatal
1483,Fatal
1484,Not Resolved
1485,Resolved
1486,Fatal
1487,Fatal
1488,Resolved
1489,Resolved
1490,Resolved
1491,Resolved
1492,Resolved
1493,Not Resolved
1494,Fatal
1495,Fatal
1496,Fatal
1497,Not Resolved
1498,Resolved
1499,Resolved
1500,Resolved
1501,Resolved
1502,Fatal
1503,Fatal
1504,Fatal
1505,Resolved
1506,Resolved
1507,Fatal
1508,Not Resolved
1509,Resolved
1510,Fatal
1511,Resolved
1512,Not Resolved
1513,Resolved
1514,Fatal
1515,Fatal
1516,Fatal
1517,Not Resolved
1518,Fatal
1519,Not Resolved
1520,Fatal
1521,Fatal
1522,Fatal
1523,Fatal
1524,Resolved
1525,Not Resolved
1526,Not Resolved
1527,Fatal
1528,Resolved
1529,Fatal
1530,Fatal
1531,Fatal
1532,Resolved
1533,Resolved
1534,Fatal
1535,Fatal
1536,Fatal
1537,Not Resolved
1538,Resolved
1539,Resolved
1540,Resolved
1541,Not Resolved
1542,Fatal
1543,Resolved
1544,Resolved
1545,Resolved
1546,Fatal
1547,Not Resolved
1548,Fatal
1549,Fatal
1550,Not Resolved
1551,Resolved
1552,Resolved
1553,Fatal
1554,Resolved
1555,Resolved
1556,Fatal
1557,Fatal
1558,Resolved
1559,Not Resolved
1560,Resolved
1561,Resolved
1562,Not Resolved
1563,Resolved
1564,Fatal
1565,Resolved
1566,Fatal
1567,Resolved
1568,Fatal
1569,Resolved
1570,Resolved
1571,Not Resolved
1572,Resolved
1573,Not Resolved
1574,Not Resolved
1575,Fatal
1576,Resolved
1577,Not Resolved
1578,Resolved
1579,Resolved
1580,Resolved
1581,Fatal
1582,Not Resolved
1583,Fatal
1584,Resolved
1585,Fatal
1586,Resolved
1587,Not Resolved
1588,Fatal
1589,Resolved
1590,Resolved
1591,Fatal
1592,Fatal
1593,Fatal
1594,Fatal
1595,Fatal
1596,Not Resolved
1597,Fatal
1598,Fatal
1599,Fatal
1600,Resolved
1601,Resolved
1602,Not Resolved
1603,Fatal
1604,Resolved
1605,Resolved
1606,Resolved
1607,Not Resolved
1608,Resolved
1609,Resolved
1610,Fatal
1611,Fatal
1612,Resolved
1613,Resolved
1614,Fatal
1615,Resolved
1616,Resolved
1617,Resolved
1618,Fatal
1619,Not Resolved
1620,Fatal
1621,Resolved
1622,Not Resolved
1623,Fatal
1624,Fatal
1625,Fatal
1626,Resolved
1627,Fatal
1628,Fatal
1629,Resolved
1630,Resolved
1631,Fatal
1632,Resolved
1633,Resolved
1634,Fatal
1635,Fatal
1636,Resolved
1637,Resolved
1638,Resolved
1639,Not Resolved
1640,Fatal
1641,Fatal
1642,Fatal
1643,Fatal
1644,Fatal
1645,Fatal
1646,Fatal
1647,Resolved
1648,Resolved
1649,Not Resolved
1650,Fatal
1651,Fatal
1652,Fatal
1653,Resolved
1654,Fatal
1655,Fatal
1656,Resolved
1657,Resolved
1658,Fatal
1659,Resolved
1660,Resolved
1661,Resolved
1662,Resolved
1663,Resolved
1664,Resolved
1665,Fatal
1666,Not Resolved
1667,Fatal
1668,Fatal
1669,Not Resolved
1670,Resolved
1671,Not Resolved
1672,Resolved
1673,Not Resolved
1674,Resolved
1675,Not Resolved
1676,Not Resolved
1677,Not Resolved
1678,Fatal
1679,Fatal
1680,Not Resolved
1681,Fatal
1682,Not Resolved
1683,Resolved
1684,Resolved
1685,Fatal
1686,Fatal
1687,Fatal
1688,Fatal
1689,Resolved
1690,Not Resolved
1691,Resolved
1692,Resolved
1693,Resolved
1694,Resolved
1695,Not Resolved
1696,Not Resolved
1697,Resolved
1698,Resolved
1699,Fatal
1700,Resolved
1701,Fatal
1702,Fatal
1703,Not Resolved
1704,Not Resolved
1705,Not Resolved
1706,Resolved
1707,Resolved
1708,Not Resolved
1709,Fatal
1710,Resolved
1711,Resolved
1712,Not Resolved
1713,Fatal
1714,Resolved
1715,Resolved
1716,Fatal
1717,Fatal
1718,Resolved
1719,Fatal
1720,Fatal
1721,Fatal
1722,Fatal
1723,Resolved
1724,Not Resolved
1725,Resolved
1726,Resolved
1727,Resolved
1728,Fatal
1729,Not Resolved
1730,Not Resolved
1731,Fatal
1732,Resolved
1733,Resolved
1734,Resolved
1735,Resolved
1736,Resolved
1737,Fatal
1738,Not Resolved
1739,Resolved
1740,Resolved
1741,Fatal
1742,Fatal
1743,Fatal
1744,Fatal
1745,Resolved
1746,Resolved
1747,Fatal
1748,Fatal
1749,Resolved
1750,Fatal
1751,Fatal
1752,Not Resolved
1753,Resolved
1754,Fatal
1755,Fatal
1756,Resolved
1757,Not Resolved
1758,Resolved
1759,Not Resolved
1760,Resolved
1761,Not Resolved
1762,Fatal
1763,Not Resolved
1764,Resolved
1765,Fatal
1766,Resolved
1767,Fatal
1768,Not Resolved
1769,Fatal
1770,Not Resolved
1771,Resolved
1772,Resolved
1773,Resolved
1774,Resolved
1775,Not Resolved
1776,Fatal
1777,Fatal
1778,Resolved
1779,Fatal
1780,Resolved
1781,Fatal
1782,Fatal
1783,Not Resolved
1784,Fatal
1785,Not Resolved
1786,Fatal
1787,Fatal
1788,Resolved
1789,Not Resolved
1790,Not Resolved
1791,Fatal
1792,Resolved
1793,Not Resolved
1794,Not Resolved
1795,Fatal
1796,Fatal
1797,Fatal
1798,Resolved
1799,Resolved
1800,Fatal
1801,Resolved
1802,Fatal
1803,Resolved
1804,Fatal
1805,Resolved
1806,Resolved
1807,Fatal
1808,Not Resolved
1809,Resolved
1810,Resolved
1811,Resolved
1812,Fatal
1813,Resolved
1814,Fatal
1815,Not Resolved
1816,Fatal
1817,Not Resolved
1818,Resolved
1819,Resolved
1820,Resolved
1821,Fatal
1822,Resolved
1823,Resolved
1824,Resolved
1825,Fatal
1826,Resolved
1827,Resolved
1828,Fatal
1829,Not Resolved
1830,Resolved
1831,Fatal
1832,Fatal
1833,Fatal
1834,Resolved
1835,Fatal
1836,Not Resolved
1837,Fatal
1838,Not Resolved
1839,Fatal
1840,Not Resolved
1841,Resolved
1842,Not Resolved
1843,Fatal
1844,Not Resolved
1845,Fatal
1846,Resolved
1847,Fatal
1848,Fatal
1849,Fatal
1850,Resolved
1851,Resolved
1852,Not Resolved
1853,Resolved
1854,Resolved
1855,Not Resolved
1856,Fatal
1857,Resolved
1858,Fatal
1859,Not Resolved
1860,Resolved
1861,Resolved
1862,Not Resolved
1863,Resolved
1864,Resolved
1865,Resolved
1866,Fatal
1867,Fatal
1868,Fatal
1869,Fatal
1870,Resolved
1871,Resolved
1872,Fatal
1873,Fatal
1874,Resolved
1875,Not Resolved
1876,Not Resolved
1877,Not Resolved
1878,Not Resolved
1879,Fatal
1880,Not Resolved
1881,Not Resolved
1882,Fatal
1883,Fatal
1884,Fatal
1885,Not Resolved
1886,Resolved
1887,Fatal
1888,Resolved
1889,Resolved
1890,Fatal
1891,Resolved
1892,Not Resolved
1893,Not Resolved
1894,Fatal
1895,Not Resolved
1896,Not Resolved
1897,Resolved
1898,Resolved
1899,Not Resolved
1900,Not Resolved
1901,Fatal
1902,Resolved
1903,Fatal
1904,Not Resolved
1905,Resolved
1906,Resolved
1907,Not Resolved
1908,Resolved
1909,Fatal
1910,Fatal
1911,Fatal
1912,Fatal
1913,Fatal
1914,Not Resolved
1915,Resolved
1916,Not Resolved
1917,Fatal
1918,Resolved
1919,Resolved
1920,Resolved
1921,Not Resolved
1922,Not Resolved
1923,Resolved
1924,Resolved
1925,Fatal
1926,Resolved
1927,Fatal
1928,Not Resolved
1929,Fatal
1930,Resolved
1931,Not Resolved
1932,Resolved
1933,Resolved
1934,Fatal
1935,Fatal
1936,Fatal
1937,Resolved
1938,Resolved
1939,Fatal
1940,Fatal
1941,Not Resolved
1942,Resolved
1943,Not Resolved
1944,Not Resolved
1945,Resolved
1946,Fatal
1947,Resolved
1948,Not Resolved
1949,Not Resolved
1950,Not Resolved
1951,Not Resolved
1952,Not Resolved
1953,Resolved
1954,Resolved
1955,Fatal
1956,Not Resolved
1957,Fatal
1958,Fatal
1959,Resolved
1960,Not Resolved
1961,Fatal
1962,Resolved
1963,Fatal
1964,Fatal
1965,Fatal
1966,Not Resolved
1967,Fatal
1968,Fatal
1969,Fatal
1970,Resolved
1971,Resolved
1972,Not Resolved
1973,Fatal
1974,Resolved
1975,Not Resolved
1976,Fatal
1977,Not Resolved
1978,Fatal
1979,Not Resolved
1980,Resolved
1981,Fatal
1982,Fatal
1983,Not Resolved
1984,Fatal
1985,Resolved
1986,Fatal
1987,Not Resolved
1988,Fatal
1989,Fatal
1990,Not Resolved
1991,Not Resolved
1992,Resolved
1993,Not Resolved
1994,Resolved
1995,Fatal
1996,Fatal
1997,Resolved
1998,Not Resolved
1999,Not Resolved
2000,Fatal
2001,Resolved
2002,Resolved
2003,Not Resolved
2004,Resolved
2005,Resolved
2006,Fatal
2007,Fatal
2008,Resolved
2009,Not Resolved
2010,Not Resolved
2011,Fatal
2012,Fatal
2013,Resolved
2014,Not Resolved
2015,Fatal
2016,Not Resolved
2017,Not Resolved
2018,Fatal
2019,Resolved
2020,Fatal
2021,Fatal
2022,Fatal
2023,Not Resolved
2024,Fatal
2025,Resolved
2026,Not Resolved
2027,Resolved
2028,Resolved
2029,Fatal
2030,Not Resolved
2031,Fatal
2032,Not Resolved
2033,Not Resolved
2034,Resolved
2035,Fatal
2036,Not Resolved
2037,Resolved
2038,Fatal
2039,Resolved
2040,Fatal
2041,Resolved
2042,Not Resolved
2043,Fatal
2044,Fatal
2045,Fatal
2046,Fatal
2047,Resolved
2048,Fatal
2049,Not Resolved
2050,Resolved
2051,Resolved
2052,Fatal
2053,Not Resolved
2054,Not Resolved
2055,Resolved
2056,Fatal
2057,Not Resolved
2058,Resolved
2059,Resolved
2060,Not Resolved
2061,Fatal
2062,Fatal
2063,Resolved
2064,Resolved
2065,Fatal
2066,Fatal
2067,Fatal
2068,Resolved
2069,Fatal
2070,Fatal
2071,Not Resolved
2072,Resolved
2073,Not Resolved
2074,Not Resolved
2075,Fatal
2076,Resolved
2077,Fatal
2078,Fatal
2079,Resolved
2080,Not Resolved
2081,Resolved
2082,Fatal
2083,Resolved
2084,Fatal
2085,Not Resolved
2086,Fatal
2087,Resolved
2088,Fatal
2089,Fatal
2090,Resolved
2091,Resolved
2092,Fatal
2093,Resolved
2094,Fatal
2095,Resolved
2096,Fatal
2097,Resolved
2098,Resolved
2099,Fatal
2100,Resolved
2101,Resolved
2102,Resolved
2103,Resolved
2104,Not Resolved
2105,Resolved
2106,Resolved
2107,Resolved
2108,Not Resolved
2109,Resolved
2110,Fatal
2111,Fatal
2112,Fatal
2113,Resolved
2114,Fatal
2115,Fatal
2116,Fatal
2117,Resolved
2118,Fatal
2119,Fatal
2120,Fatal
2121,Fatal
2122,Fatal
2123,Resolved
2124,Resolved
2125,Fatal
2126,Resolved
2127,Resolved
2128,Not Resolved
2129,Resolved
2130,Resolved
2131,Not Resolved
2132,Not Resolved
2133,Fatal
2134,Resolved
2135,Fatal
2136,Resolved
2137,Fatal
2138,Resolved
2139,Not Resolved
2140,Fatal
2141,Resolved
2142,Not Resolved
2143,Resolved
2144,Resolved
2145,Resolved
2146,Fatal
2147,Fatal
2148,Resolved
2149,Not Resolved
2150,Fatal
2151,Fatal
2152,Resolved
2153,Fatal
2154,Fatal
2155,Fatal
2156,Not Resolved
2157,Not Resolved
2158,Fatal
2159,Fatal
2160,Fatal
2161,Fatal
2162,Fatal
2163,Not Resolved
2164,Resolved
2165,Fatal
2166,Fatal
2167,Not Resolved
2168,Fatal
2169,Not Resolved
2170,Fatal
2171,Fatal
2172,Fatal
2173,Not Resolved
2174,Fatal
2175,Not Resolved
2176,Resolved
2177,Not Resolved
2178,Fatal
2179,Fatal
2180,Resolved
2181,Fatal
2182,Fatal
2183,Resolved
2184,Fatal
2185,Resolved
2186,Resolved
2187,Fatal
2188,Resolved
2189,Fatal
2190,Resolved
2191,Not Resolved
2192,Fatal
2193,Resolved
2194,Fatal
2195,Resolved
2196,Not Resolved
2197,Fatal
2198,Not Resolved
2199,Fatal
2200,Fatal
2201,Resolved
2202,Fatal
2203,Not Resolved
2204,Not Resolved
2205,Not Resolved
2206,Fatal
2207,Resolved
2208,Resolved
2209,Fatal
2210,Resolved
2211,Not Resolved
2212,Not Resolved
2213,Resolved
2214,Fatal
2215,Resolved
2216,Resolved
2217,Not Resolved
2218,Resolved
2219,Resolved
2220,Not Resolved
2221,Not Resolved
2222,Resolved
2223,Resolved
2224,Fatal
2225,Fatal
2226,Fatal
2227,Fatal
2228,Fatal
2229,Resolved
2230,Not Resolved
2231,Not Resolved
2232,Resolved
2233,Not Resolved
2234,Resolved
2235,Resolved
2236,Resolved
2237,Fatal
2238,Resolved
2239,Fatal
2240,Fatal
2241,Not Resolved
2242,Fatal
2243,Not Resolved
2244,Fatal
2245,Resolved
2246,Fatal
2247,Not Resolved
2248,Not Resolved
2249,Not Resolved
2250,Resolved
2251,Resolved
2252,Resolved
2253,Fatal
2254,Fatal
2255,Resolved
2256,Resolved
2257,Not Resolved
2258,Not Resolved
2259,Not Resolved
2260,Fatal
2261,Resolved
2262,Fatal
2263,Fatal
2264,Fatal
2265,Resolved
2266,Not Resolved
2267,Not Resolved
2268,Resolved
2269,Fatal
2270,Fatal
2271,Resolved
2272,Fatal
2273,Fatal
2274,Fatal
2275,Resolved
2276,Resolved
2277,Fatal
2278,Fatal
2279,Resolved
2280,Fatal
2281,Resolved
2282,Fatal
2283,Fatal
2284,Not Resolved
2285,Fatal
2286,Resolved
2287,Resolved
2288,Not Resolved
2289,Fatal
2290,Not Resolved
2291,Not Resolved
2292,Resolved
2293,Resolved
2294,Resolved
2295,Resolved
2296,Resolved
2297,Fatal
2298,Not Resolved
2299,Fatal
2300,Resolved
2301,Fatal
2302,Fatal
2303,Fatal
2304,Resolved
2305,Fatal
2306,Not Resolved
2307,Resolved
2308,Resolved
2309,Fatal
2310,Not Resolved
2311,Fatal
2312,Resolved
2313,Fatal
2314,Resolved
2315,Fatal
2316,Not Resolved
2317,Fatal
2318,Resolved
2319,Fatal
2320,Fatal
2321,Fatal
2322,Not Resolved
2323,Resolved
2324,Fatal
2325,Resolved
2326,Fatal
2327,Fatal
2328,Resolved
2329,Resolved
2330,Resolved
2331,Not Resolved
2332,Not Resolved
2333,Resolved
2334,Resolved
2335,Fatal
2336,Not Resolved
2337,Not Resolved
2338,Not Resolved
2339,Fatal
2340,Resolved
2341,Fatal
2342,Not Resolved
2343,Resolved
2344,Fatal
2345,Resolved
2346,Resolved
2347,Fatal
2348,Not Resolved
2349,Resolved
2350,Fatal
2351,Fatal
2352,Resolved
2353,Fatal
2354,Fatal
2355,Not Resolved
2356,Fatal
2357,Not Resolved
2358,Fatal
2359,Fatal
2360,Resolved
2361,Resolved
2362,Not Resolved
2363,Not Resolved
2364,Resolved
2365,Fatal
2366,Resolved
2367,Fatal
2368,Fatal
2369,Resolved
2370,Not Resolved
2371,Resolved
2372,Resolved
2373,Resolved
2374,Fatal
2375,Fatal
2376,Fatal
2377,Resolved
2378,Not Resolved
2379,Resolved
2380,Fatal
2381,Fatal
2382,Resolved
2383,Resolved
2384,Resolved
2385,Resolved
2386,Not Resolved
2387,Fatal
2388,Fatal
2389,Not Resolved
2390,Resolved
2391,Fatal
2392,Not Resolved
2393,Resolved
2394,Fatal
2395,Fatal
2396,Resolved
2397,Resolved
2398,Not Resolved
2399,Not Resolved
2400,Resolved
2401,Fatal
2402,Not Resolved
2403,Resolved
2404,Fatal
2405,Fatal
2406,Not Resolved
2407,Fatal
2408,Fatal
2409,Resolved
2410,Not Resolved
2411,Fatal
2412,Resolved
2413,Not Resolved
2414,Fatal
2415,Not Resolved
2416,Not Resolved
2417,Not Resolved
2418,Resolved
2419,Fatal
2420,Resolved
2421,Fatal
2422,Fatal
2423,Fatal
2424,Resolved
2425,Not Resolved
2426,Fatal
2427,Resolved
2428,Resolved
2429,Resolved
2430,Resolved
2431,Fatal
2432,Fatal
2433,Resolved
2434,Resolved
2435,Resolved
2436,Fatal
2437,Resolved
2438,Resolved
2439,Resolved
2440,Resolved
2441,Not Resolved
2442,Fatal
2443,Resolved
2444,Not Resolved
2445,Resolved
2446,Resolved
2447,Fatal
2448,Not Resolved
2449,Not Resolved
2450,Fatal
2451,Not Resolved
2452,Fatal
2453,Not Resolved
2454,Resolved
2455,Not Resolved
2456,Resolved
2457,Fatal
2458,Not Resolved
2459,Not Resolved
2460,Not Resolved
2461,Not Resolved
2462,Resolved
2463,Resolved
2464,Fatal
2465,Resolved
2466,Fatal
2467,Resolved
2468,Resolved
2469,Resolved
2470,Not Resolved
2471,Resolved
2472,Resolved
2473,Not Resolved
2474,Fatal
2475,Resolved
2476,Fatal
2477,Resolved
2478,Fatal
2479,Fatal
2480,Resolved
2481,Resolved
2482,Resolved
2483,Fatal
2484,Resolved
2485,Fatal
2486,Fatal
2487,Fatal
2488,Not Resolved
2489,Resolved
2490,Resolved
2491,Fatal
2492,Not Resolved
2493,Fatal
2494,Resolved
2495,Not Resolved
2496,Fatal
2497,Fatal
2498,Resolved
2499,Resolved
2500,Resolved
2501,Fatal
2502,Fatal
2503,Resolved
2504,Fatal
2505,Resolved
2506,Not Resolved
2507,Resolved
2508,Fatal
2509,Resolved
2510,Resolved
2511,Not Resolved
2512,Resolved
2513,Not Resolved
2514,Not Resolved
2515,Resolved
2516,Fatal
2517,Fatal
2518,Resolved
2519,Resolved
2520,Fatal
2521,Fatal
2522,Fatal
2523,Resolved
2524,Resolved
2525,Not Resolved
2526,Not Resolved
2527,Fatal
2528,Resolved
2529,Fatal
2530,Fatal
2531,Fatal
2532,Resolved
2533,Not Resolved
2534,Resolved
2535,Fatal
2536,Not Resolved
2537,Resolved
2538,Resolved
2539,Resolved
2540,Fatal
2541,Resolved
2542,Resolved
2543,Fatal
2544,Fatal
2545,Fatal
2546,Resolved
2547,Resolved
2548,Fatal
2549,Resolved
2550,Resolved
2551,Resolved
2552,Fatal
2553,Resolved
2554,Resolved
2555,Fatal
2556,Fatal
2557,Fatal
2558,Resolved
2559,Not Resolved
2560,Resolved
2561,Fatal
2562,Resolved
2563,Fatal
2564,Resolved
2565,Fatal
2566,Resolved
2567,Fatal
2568,Resolved
2569,Not Resolved
2570,Fatal
2571,Resolved
2572,Fatal
2573,Resolved
2574,Resolved
2575,Resolved
2576,Resolved
2577,Resolved
2578,Resolved
2579,Fatal
2580,Fatal
2581,Not Resolved
2582,Fatal
2583,Not Resolved
2584,Resolved
2585,Fatal
2586,Not Resolved
2587,Resolved
2588,Fatal
2589,Fatal
2590,Resolved
2591,Resolved
2592,Fatal
2593,Resolved
2594,Not Resolved
2595,Fatal
2596,Fatal
2597,Not Resolved
2598,Not Resolved
2599,Resolved
2600,Not Resolved
2601,Not Resolved
2602,Fatal
2603,Fatal
2604,Resolved
2605,Resolved
2606,Resolved
2607,Fatal
2608,Fatal
2609,Fatal
2610,Fatal
2611,Resolved
2612,Fatal
2613,Resolved
2614,Fatal
2615,Fatal
2616,Fatal
2617,Fatal
2618,Not Resolved
2619,Not Resolved
2620,Not Resolved
2621,Not Resolved
2622,Fatal
2623,Resolved
2624,Resolved
2625,Fatal
2626,Fatal
2627,Resolved
2628,Not Resolved
2629,Resolved
2630,Not Resolved
2631,Fatal
2632,Fatal
2633,Fatal
2634,Not Resolved
2635,Resolved
2636,Fatal
2637,Resolved
2638,Resolved
2639,Fatal
2640,Resolved
2641,Fatal
2642,Resolved
2643,Resolved
2644,Not Resolved
2645,Not Resolved
2646,Fatal
2647,Fatal
2648,Fatal
2649,Fatal
2650,Not Resolved
2651,Fatal
2652,Fatal
2653,Fatal
2654,Resolved
2655,Fatal
2656,Resolved
2657,Fatal
2658,Resolved
2659,Not Resolved
2660,Fatal
2661,Resolved
2662,Resolved
2663,Not Resolved
2664,Resolved
2665,Not Resolved
2666,Resolved
2667,Fatal
2668,Fatal
2669,Not Resolved
2670,Fatal
2671,Not Resolved
2672,Resolved
2673,Resolved
2674,Resolved
2675,Resolved
2676,Fatal
2677,Not Resolved
2678,Resolved
2679,Not Resolved
2680,Fatal
2681,Resolved
2682,Resolved
2683,Resolved
2684,Resolved
2685,Fatal
2686,Resolved
2687,Fatal
2688,Fatal
2689,Resolved
2690,Resolved
2691,Resolved
2692,Fatal
2693,Not Resolved
2694,Not Resolved
2695,Fatal
2696,Not Resolved
2697,Resolved
2698,Resolved
2699,Resolved
2700,Fatal
2701,Resolved
2702,Resolved
2703,Fatal
2704,Fatal
2705,Not Resolved
2706,Not Resolved
2707,Resolved
2708,Fatal
2709,Fatal
2710,Fatal
2711,Resolved
2712,Fatal
2713,Resolved
2714,Not Resolved
2715,Resolved
2716,Not Resolved
2717,Resolved
2718,Fatal
2719,Fatal
2720,Fatal
2721,Not Resolved
2722,Fatal
2723,Fatal
2724,Fatal
2725,Fatal
2726,Resolved
2727,Fatal
2728,Resolved
2729,Resolved
2730,Not Resolved
2731,Not Resolved
2732,Resolved
2733,Fatal
2734,Fatal
2735,Resolved
2736,Resolved
2737,Resolved
2738,Resolved
2739,Not Resolved
2740,Resolved
2741,Not Resolved
2742,Fatal
2743,Fatal
2744,Not Resolved
2745,Not Resolved
2746,Fatal
2747,Resolved
2748,Resolved
2749,Not Resolved
2750,Fatal
2751,Fatal
2752,Fatal
2753,Fatal
2754,Fatal
2755,Resolved
2756,Fatal
2757,Fatal
2758,Fatal
2759,Fatal
2760,Resolved
2761,Fatal
2762,Resolved
2763,Fatal
2764,Resolved
2765,Not Resolved
2766,Fatal
2767,Resolved
2768,Fatal
2769,Resolved
2770,Fatal
2771,Resolved
2772,Not Resolved
2773,Resolved
2774,Resolved
2775,Resolved
2776,Fatal
2777,Fatal
2778,Fatal
2779,Resolved
2780,Not Resolved
2781,Fatal
2782,Not Resolved
2783,Resolved
2784,Resolved
2785,Resolved
2786,Fatal
2787,Fatal
2788,Fatal
2789,Not Resolved
2790,Resolved
2791,Fatal
2792,Resolved
2793,Resolved
2794,Resolved
2795,Fatal
2796,Fatal
2797,Fatal
2798,Resolved
2799,Not Resolved
2800,Fatal
2801,Resolved
2802,Fatal
2803,Resolved
2804,Resolved
2805,Not Resolved
2806,Not Resolved
2807,Resolved
2808,Not Resolved
2809,Not Resolved
2810,Resolved
2811,Resolved
2812,Resolved
2813,Resolved
2814,Fatal
2815,Not Resolved
2816,Resolved
2817,Resolved
2818,Fatal
2819,Not Resolved
2820,Resolved
2821,Resolved
2822,Resolved
2823,Fatal
2824,Resolved
2825,Not Resolved
2826,Fatal
2827,Fatal
2828,Not Resolved
2829,Resolved
2830,Fatal
2831,Fatal
2832,Not Resolved
2833,Resolved
2834,Not Resolved
2835,Resolved
2836,Resolved
2837,Resolved
2838,Resolved
2839,Not Resolved
2840,Fatal
2841,Fatal
2842,Fatal
2843,Not Resolved
2844,Fatal
2845,Fatal
2846,Not Resolved
2847,Not Resolved
2848,Resolved
2849,Resolved
2850,Resolved
2851,Resolved
2852,Resolved
2853,Resolved
2854,Not Resolved
2855,Fatal
2856,Fatal
2857,Fatal
2858,Resolved
2859,Fatal
2860,Resolved
2861,Resolved
2862,Resolved
2863,Resolved
2864,Resolved
2865,Resolved
2866,Fatal
2867,Resolved
2868,Not Resolved
2869,Fatal
2870,Fatal
2871,Resolved
2872,Resolved
2873,Resolved
2874,Not Resolved
2875,Fatal
2876,Not Resolved
2877,Not Resolved
2878,Fatal
2879,Not Resolved
2880,Resolved
2881,Resolved
2882,Fatal
2883,Not Resolved
2884,Resolved
2885,Resolved
2886,Fatal
2887,Fatal
2888,Fatal
2889,Not Resolved
2890,Fatal
2891,Resolved
2892,Resolved
2893,Not Resolved
2894,Resolved
2895,Fatal
2896,Resolved
2897,Not Resolved
2898,Not Resolved
2899,Resolved
2900,Resolved
2901,Fatal
2902,Not Resolved
2903,Not Resolved
2904,Fatal
2905,Not Resolved
2906,Resolved
2907,Resolved
2908,Fatal
2909,Fatal
2910,Not Resolved
2911,Not Resolved
2912,Not Resolved
2913,Not Resolved
2914,Resolved
2915,Fatal
2916,Not Resolved
2917,Resolved
2918,Resolved
2919,Resolved
2920,Not Resolved
2921,Resolved
2922,Resolved
2923,Fatal
2924,Resolved
2925,Fatal
2926,Resolved
2927,Not Resolved
2928,Resolved
2929,Resolved
2930,Not Resolved
2931,Fatal
2932,Fatal
2933,Resolved
2934,Resolved
2935,Resolved
2936,Resolved
2937,Not Resolved
2938,Fatal
2939,Resolved
2940,Resolved
2941,Not Resolved
2942,Fatal
2943,Fatal
2944,Resolved
2945,Not Resolved
2946,Resolved
2947,Resolved
2948,Fatal
2949,Fatal
2950,Fatal
2951,Fatal
2952,Resolved
2953,Fatal
2954,Resolved
2955,Resolved
2956,Not Resolved
2957,Fatal
2958,Fatal
2959,Resolved
2960,Fatal
2961,Fatal
2962,Fatal
2963,Resolved
2964,Not Resolved
2965,Not Resolved
2966,Resolved
2967,Fatal
2968,Resolved
2969,Fatal
2970,Resolved
2971,Fatal
2972,Resolved
2973,Not Resolved
2974,Fatal
2975,Fatal
2976,Fatal
2977,Resolved
2978,Fatal
2979,Resolved
2980,Resolved
2981,Fatal
2982,Resolved
2983,Fatal
2984,Fatal
2985,Fatal
2986,Fatal
2987,Resolved
2988,Resolved
2989,Resolved
2990,Resolved
2991,Fatal
2992,Not Resolved
2993,Fatal
2994,Fatal
2995,Fatal
2996,Resolved
2997,Not Resolved
2998,Fatal
2999,Fatal
3000,Resolved
3001,Resolved
3002,Not Resolved
3003,Fatal
3004,Fatal
3005,Fatal
3006,Resolved
3007,Not Resolved
3008,Fatal
3009,Fatal
3010,Fatal
3011,Fatal
3012,Resolved
3013,Resolved
3014,Resolved
3015,Not Resolved
3016,Fatal
3017,Resolved
3018,Resolved
3019,Resolved
3020,Fatal
3021,Resolved
3022,Not Resolved
3023,Not Resolved
3024,Fatal
3025,Not Resolved
3026,Fatal
3027,Fatal
3028,Not Resolved
3029,Resolved
3030,Fatal
3031,Fatal
3032,Fatal
3033,Resolved
3034,Resolved
3035,Resolved
3036,Fatal
3037,Resolved
3038,Fatal
3039,Resolved
3040,Fatal
3041,Not Resolved
3042,Resolved
3043,Resolved
3044,Fatal
3045,Fatal
3046,Resolved
3047,Resolved
3048,Resolved
3049,Resolved
3050,Resolved
3051,Resolved
3052,Resolved
3053,Fatal
3054,Resolved
3055,Resolved
3056,Fatal
3057,Fatal
3058,Resolved
3059,Fatal
3060,Resolved
3061,Resolved
3062,Fatal
3063,Resolved
3064,Fatal
3065,Resolved
3066,Resolved
3067,Resolved
3068,Resolved
3069,Not Resolved
3070,Fatal
3071,Fatal
3072,Resolved
3073,Not Resolved
3074,Resolved
3075,Not Resolved
3076,Resolved
3077,Not Resolved
3078,Fatal
3079,Resolved
3080,Fatal
3081,Resolved
3082,Fatal
3083,Resolved
3084,Resolved
3085,Resolved
3086,Resolved
3087,Not Resolved
3088,Not Resolved
3089,Fatal
3090,Resolved
3091,Resolved
3092,Resolved
3093,Not Resolved
3094,Fatal
3095,Resolved
3096,Not Resolved
3097,Fatal
3098,Not Resolved
3099,Resolved
3100,Fatal
3101,Fatal
3102,Resolved
3103,Fatal
3104,Resolved
3105,Not Resolved
3106,Resolved
3107,Resolved
3108,Not Resolved
3109,Resolved
3110,Not Resolved
3111,Resolved
3112,Fatal
3113,Not Resolved
3114,Resolved
3115,Resolved
3116,Resolved
3117,Resolved
3118,Fatal
3119,Resolved
3120,Not Resolved
3121,Fatal
3122,Resolved
3123,Resolved
3124,Resolved
3125,Fatal
3126,Fatal
3127,Fatal
3128,Not Resolved
3129,Fatal
3130,Resolved
3131,Not Resolved
3132,Fatal
3133,Not Resolved
3134,Resolved
3135,Not Resolved
3136,Fatal
3137,Resolved
3138,Resolved
3139,Resolved
3140,Resolved
3141,Resolved
3142,Resolved
3143,Fatal
3144,Fatal
3145,Resolved
3146,Fatal
3147,Not Resolved
3148,Fatal
3149,Fatal
3150,Fatal
3151,Resolved
3152,Resolved
3153,Resolved
3154,Fatal
3155,Resolved
3156,Resolved
3157,Resolved
3158,Not Resolved
3159,Fatal
3160,Resolved
3161,Fatal
3162,Fatal
3163,Fatal
3164,Resolved
3165,Fatal
3166,Not Resolved
3167,Fatal
3168,Fatal
3169,Fatal
3170,Fatal
3171,Resolved
3172,Resolved
3173,Resolved
3174,Resolved
3175,Resolved
3176,Resolved
3177,Fatal
3178,Fatal
3179,Fatal
3180,Resolved
3181,Resolved
3182,Not Resolved
3183,Fatal
3184,Fatal
3185,Resolved
3186,Resolved
3187,Resolved
3188,Fatal
3189,Resolved
3190,Fatal
3191,Resolved
3192,Resolved
3193,Resolved
3194,Fatal
3195,Fatal
3196,Resolved
3197,Resolved
3198,Resolved
3199,Fatal
3200,Fatal
3201,Fatal
3202,Fatal
3203,Not Resolved
3204,Not Resolved
3205,Resolved
3206,Resolved
3207,Not Resolved
3208,Resolved
3209,Fatal
3210,Resolved
3211,Fatal
3212,Not Resolved
3213,Not Resolved
3214,Resolved
3215,Not Resolved
3216,Resolved
3217,Not Resolved
3218,Not Resolved
3219,Fatal
3220,Fatal
3221,Fatal
3222,Not Resolved
3223,Resolved
3224,Resolved
3225,Resolved
3226,Not Resolved
3227,Not Resolved
3228,Resolved
3229,Fatal
3230,Fatal
3231,Resolved
3232,Not Resolved
3233,Resolved
3234,Not Resolved
3235,Not Resolved
3236,Not Resolved
3237,Resolved
3238,Resolved
3239,Resolved
3240,Resolved
3241,Fatal
3242,Not Resolved
3243,Resolved
3244,Resolved
3245,Not Resolved
3246,Not Resolved
3247,Fatal
3248,Fatal
3249,Fatal
3250,Fatal
3251,Fatal
3252,Fatal
3253,Fatal
3254,Fatal
3255,Fatal
3256,Fatal
3257,Not Resolved
3258,Resolved
3259,Resolved
3260,Not Resolved
3261,Fatal
3262,Fatal
3263,Fatal
3264,Not Resolved
3265,Resolved
3266,Fatal
3267,Not Resolved
3268,Resolved
3269,Resolved
3270,Resolved
3271,Fatal
3272,Resolved
3273,Not Resolved
3274,Resolved
3275,Fatal
3276,Fatal
3277,Resolved
3278,Fatal
3279,Fatal
3280,Resolved
3281,Resolved
3282,Resolved
3283,Fatal
3284,Fatal
3285,Not Resolved
3286,Resolved
3287,Fatal
3288,Fatal
3289,Not Resolved
3290,Not Resolved
3291,Fatal
3292,Resolved
3293,Fatal
3294,Resolved
3295,Resolved
3296,Not Resolved
3297,Not Resolved
3298,Resolved
3299,Resolved
3300,Fatal
3301,Fatal
3302,Resolved
3303,Resolved
3304,Fatal
3305,Fatal
3306,Fatal
3307,Not Resolved
3308,Resolved
3309,Resolved
3310,Resolved
3311,Not Resolved
3312,Resolved
3313,Fatal
3314,Resolved
3315,Fatal
3316,Fatal
3317,Fatal
3318,Resolved
3319,Resolved
3320,Not Resolved
3321,Resolved
3322,Fatal
3323,Fatal
3324,Resolved
3325,Fatal
3326,Resolved
3327,Resolved
3328,Fatal
3329,Resolved
3330,Resolved
3331,Resolved
3332,Not Resolved
3333,Resolved
3334,Resolved
3335,Resolved
3336,Fatal
3337,Fatal
3338,Fatal
3339,Resolved
3340,Resolved
3341,Not Resolved
3342,Resolved
3343,Fatal
3344,Not Resolved
3345,Not Resolved
3346,Not Resolved
3347,Fatal
3348,Resolved
3349,Fatal
3350,Not Resolved
3351,Resolved
3352,Fatal
3353,Fatal
3354,Not Resolved
3355,Fatal
3356,Not Resolved
3357,Fatal
3358,Resolved
3359,Fatal
3360,Fatal
3361,Resolved
3362,Not Resolved
3363,Resolved
3364,Resolved
3365,Not Resolved
3366,Not Resolved
3367,Fatal
3368,Fatal
3369,Fatal
3370,Resolved
3371,Resolved
3372,Not Resolved
3373,Resolved
3374,Fatal
3375,Fatal
3376,Resolved
3377,Fatal
3378,Not Resolved
3379,Fatal
3380,Resolved
3381,Fatal
3382,Resolved
3383,Fatal
3384,Resolved
3385,Resolved
3386,Not Resolved
3387,Resolved
3388,Not Resolved
3389,Resolved
3390,Resolved
3391,Fatal
3392,Fatal
3393,Fatal
3394,Resolved
3395,Fatal
3396,Fatal
3397,Fatal
3398,Resolved
3399,Fatal
3400,Not Resolved
3401,Resolved
3402,Fatal
3403,Resolved
3404,Not Resolved
3405,Fatal
3406,Resolved
3407,Not Resolved
3408,Resolved
3409,Resolved
3410,Resolved
3411,Resolved
3412,Resolved
3413,Resolved
3414,Fatal
3415,Resolved
3416,Fatal
3417,Not Resolved
3418,Resolved
3419,Resolved
3420,Resolved
3421,Not Resolved
3422,Fatal
3423,Resolved
3424,Fatal
3425,Not Resolved
3426,Resolved
3427,Resolved
3428,Fatal
3429,Resolved
3430,Resolved
3431,Fatal
3432,Not Resolved
3433,Not Resolved
3434,Resolved
3435,Resolved
3436,Not Resolved
3437,Fatal
3438,Resolved
3439,Fatal
3440,Fatal
3441,Resolved
3442,Fatal
3443,Fatal
3444,Fatal
3445,Fatal
3446,Resolved
3447,Fatal
3448,Not Resolved
3449,Not Resolved
3450,Fatal
3451,Fatal
3452,Resolved
3453,Fatal
3454,Not Resolved
3455,Resolved
3456,Resolved
3457,Not Resolved
3458,Resolved
3459,Resolved
3460,Not Resolved
3461,Resolved
3462,Not Resolved
3463,Fatal
3464,Fatal
3465,Not Resolved
3466,Fatal
3467,Not Resolved
3468,Resolved
3469,Fatal
3470,Resolved
3471,Fatal
3472,Fatal
3473,Fatal
3474,Resolved
3475,Resolved
3476,Fatal
3477,Not Resolved
3478,Resolved
3479,Fatal
3480,Fatal
3481,Resolved
3482,Resolved
3483,Resolved
3484,Fatal
3485,Fatal
3486,Resolved
3487,Fatal
3488,Fatal
3489,Resolved
3490,Resolved
3491,Resolved
3492,Resolved
3493,Fatal
3494,Not Resolved
3495,Fatal
3496,Resolved
3497,Fatal
3498,Resolved
3499,Not Resolved
3500,Resolved
3501,Resolved
3502,Resolved
3503,Resolved
3504,Resolved
3505,Fatal
3506,Fatal
3507,Fatal
3508,Resolved
3509,Resolved
3510,Fatal
3511,Resolved
3512,Fatal
3513,Fatal
3514,Fatal
3515,Fatal
3516,Not Resolved
3517,Fatal
3518,Resolved
3519,Fatal
3520,Resolved
3521,Resolved
3522,Not Resolved
3523,Not Resolved
3524,Not Resolved
3525,Resolved
3526,Not Resolved
3527,Fatal
3528,Not Resolved
3529,Fatal
3530,Fatal
3531,Resolved
3532,Resolved
3533,Resolved
3534,Not Resolved
3535,Resolved
3536,Not Resolved
3537,Resolved
3538,Not Resolved
3539,Resolved
3540,Fatal
3541,Resolved
3542,Resolved
3543,Resolved
3544,Resolved
3545,Fatal
3546,Not Resolved
3547,Resolved
3548,Fatal
3549,Fatal
3550,Not Resolved
3551,Fatal
3552,Fatal
3553,Fatal
3554,Resolved
3555,Resolved
3556,Not Resolved
3557,Not Resolved
3558,Resolved
3559,Fatal
3560,Fatal
3561,Not Resolved
3562,Fatal
3563,Fatal
3564,Not Resolved
3565,Not Resolved
3566,Not Resolved
3567,Not Resolved
3568,Resolved
3569,Fatal
3570,Not Resolved
3571,Not Resolved
3572,Fatal
3573,Fatal
3574,Not Resolved
3575,Fatal
3576,Not Resolved
3577,Not Resolved
3578,Resolved
3579,Resolved
3580,Not Resolved
3581,Fatal
3582,Fatal
3583,Resolved
3584,Not Resolved
3585,Fatal
3586,Fatal
3587,Resolved
3588,Resolved
3589,Fatal
3590,Not Resolved
3591,Resolved
3592,Fatal
3593,Resolved
3594,Not Resolved
3595,Resolved
3596,Not Resolved
3597,Resolved
3598,Fatal
3599,Resolved
3600,Resolved
3601,Resolved
3602,Resolved
3603,Fatal
3604,Fatal
3605,Resolved
3606,Not Resolved
3607,Resolved
3608,Resolved
3609,Resolved
3610,Not Resolved
3611,Fatal
3612,Resolved
3613,Fatal
3614,Resolved
3615,Fatal
3616,Resolved
3617,Not Resolved
3618,Resolved
3619,Fatal
3620,Fatal
3621,Fatal
3622,Not Resolved
3623,Fatal
3624,Resolved
3625,Not Resolved
3626,Resolved
3627,Fatal
3628,Fatal
3629,Resolved
3630,Fatal
3631,Resolved
3632,Resolved
3633,Fatal
3634,Resolved
3635,Resolved
3636,Fatal
3637,Fatal
3638,Not Resolved
3639,Not Resolved
3640,Fatal
3641,Fatal
3642,Resolved
3643,Resolved
3644,Resolved
3645,Resolved
3646,Not Resolved
3647,Fatal
3648,Fatal
3649,Resolved
3650,Not Resolved
3651,Fatal
3652,Not Resolved
3653,Resolved
3654,Resolved
3655,Fatal
3656,Fatal
3657,Fatal
3658,Fatal
3659,Resolved
3660,Fatal
3661,Fatal
3662,Resolved
3663,Not Resolved
3664,Fatal
3665,Fatal
3666,Not Resolved
3667,Fatal
3668,Fatal
3669,Not Resolved
3670,Fatal
3671,Not Resolved
3672,Fatal
3673,Fatal
3674,Fatal
3675,Fatal
3676,Fatal
3677,Resolved
3678,Resolved
3679,Resolved
3680,Fatal
3681,Fatal
3682,Resolved
3683,Resolved
3684,Not Resolved
3685,Resolved
3686,Fatal
3687,Fatal
3688,Fatal
3689,Resolved
3690,Not Resolved
3691,Not Resolved
3692,Not Resolved
3693,Fatal
3694,Not Resolved
3695,Fatal
3696,Resolved
3697,Fatal
3698,Not Resolved
3699,Not Resolved
3700,Not Resolved
3701,Resolved
3702,Resolved
3703,Not Resolved
3704,Resolved
3705,Resolved
3706,Fatal
3707,Fatal
3708,Fatal
3709,Not Resolved
3710,Fatal
3711,Fatal
3712,Fatal
